name,no_ep
Campaign Manager Morty,1
Canklanker Thom,1
Centaur,1
Chris,1
Chris,1
Coach Feratu (Balik Alistane),1
Collector,1
Colossus,1
Commander Rick,1
Concerto,1
Conroy,1
Cool Rick,1
Cop Morty,1
Cop Rick,1
Courier Flap,1
Cousin Nicky,1
Cowboy Morty,1
Cowboy Rick,2
Crab Spider,1
Creepy Little Girl,1
Campaign Manager Morty,1
Canklanker Thom,1
Centaur,1
Chris,1
Chris,1
Coach Feratu (Balik Alistane),1
Collector,1
Colossus,1
Commander Rick,1
Concerto,1
Conroy,1
Cool Rick,1
Cop Morty,1
Cop Rick,1
Courier Flap,1
Cousin Nicky,1
Cowboy Morty,1
Cowboy Rick,2
Crab Spider,1
Creepy Little Girl,1
Campaign Manager Morty,1
Canklanker Thom,1
Centaur,1
Chris,1
Chris,1
Coach Feratu (Balik Alistane),1
Collector,1
Colossus,1
Commander Rick,1
Concerto,1
Conroy,1
Cool Rick,1
Cop Morty,1
Cop Rick,1
Courier Flap,1
Cousin Nicky,1
Cowboy Morty,1
Cowboy Rick,2
Crab Spider,1
Creepy Little Girl,1
Campaign Manager Morty,1
Canklanker Thom,1
Centaur,1
Chris,1
Chris,1
Coach Feratu (Balik Alistane),1
Collector,1
Colossus,1
Commander Rick,1
Concerto,1
Conroy,1
Cool Rick,1
Cop Morty,1
Cop Rick,1
Courier Flap,1
Cousin Nicky,1
Cowboy Morty,1
Cowboy Rick,2
Crab Spider,1
Creepy Little Girl,1
Campaign Manager Morty,1
Canklanker Thom,1
Centaur,1
Chris,1
Chris,1
Coach Feratu (Balik Alistane),1
Collector,1
Colossus,1
Commander Rick,1
Concerto,1
Conroy,1
Cool Rick,1
Cop Morty,1
Cop Rick,1
Courier Flap,1
Cousin Nicky,1
Cowboy Morty,1
Cowboy Rick,2
Crab Spider,1
Creepy Little Girl,1
Campaign Manager Morty,1
Canklanker Thom,1
Centaur,1
Chris,1
Chris,1
Coach Feratu (Balik Alistane),1
Collector,1
Colossus,1
Commander Rick,1
Concerto,1
Conroy,1
Cool Rick,1
Cop Morty,1
Cop Rick,1
Courier Flap,1
Cousin Nicky,1
Cowboy Morty,1
Cowboy Rick,2
Crab Spider,1
Creepy Little Girl,1
Campaign Manager Morty,1
Canklanker Thom,1
Centaur,1
Chris,1
Chris,1
Coach Feratu (Balik Alistane),1
Collector,1
Colossus,1
Commander Rick,1
Concerto,1
Conroy,1
Cool Rick,1
Cop Morty,1
Cop Rick,1
Courier Flap,1
Cousin Nicky,1
Cowboy Morty,1
Cowboy Rick,2
Crab Spider,1
Creepy Little Girl,1
Campaign Manager Morty,1
Canklanker Thom,1
Centaur,1
Chris,1
Chris,1
Coach Feratu (Balik Alistane),1
Collector,1
Colossus,1
Commander Rick,1
Concerto,1
Conroy,1
Cool Rick,1
Cop Morty,1
Cop Rick,1
Courier Flap,1
Cousin Nicky,1
Cowboy Morty,1
Cowboy Rick,2
Crab Spider,1
Creepy Little Girl,1
Campaign Manager Morty,1
Canklanker Thom,1
Centaur,1
Chris,1
Chris,1
Coach Feratu (Balik Alistane),1
Collector,1
Colossus,1
Commander Rick,1
Concerto,1
Conroy,1
Cool Rick,1
Cop Morty,1
Cop Rick,1
Courier Flap,1
Cousin Nicky,1
Cowboy Morty,1
Cowboy Rick,2
Crab Spider,1
Creepy Little Girl,1
Campaign Manager Morty,1
Canklanker Thom,1
Centaur,1
Chris,1
Chris,1
Coach Feratu (Balik Alistane),1
Collector,1
Colossus,1
Commander Rick,1
Concerto,1
Conroy,1
Cool Rick,1
Cop Morty,1
Cop Rick,1
Courier Flap,1
Cousin Nicky,1
Cowboy Morty,1
Cowboy Rick,2
Crab Spider,1
Creepy Little Girl,1
Campaign Manager Morty,1
Canklanker Thom,1
Centaur,1
Chris,1
Chris,1
Coach Feratu (Balik Alistane),1
Collector,1
Colossus,1
Commander Rick,1
Concerto,1
Conroy,1
Cool Rick,1
Cop Morty,1
Cop Rick,1
Courier Flap,1
Cousin Nicky,1
Cowboy Morty,1
Cowboy Rick,2
Crab Spider,1
Creepy Little Girl,1
Campaign Manager Morty,1
Canklanker Thom,1
Centaur,1
Chris,1
Chris,1
Coach Feratu (Balik Alistane),1
Collector,1
Colossus,1
Commander Rick,1
Concerto,1
Conroy,1
Cool Rick,1
Cop Morty,1
Cop Rick,1
Courier Flap,1
Cousin Nicky,1
Cowboy Morty,1
Cowboy Rick,2
Crab Spider,1
Creepy Little Girl,1
Campaign Manager Morty,1
Canklanker Thom,1
Centaur,1
Chris,1
Chris,1
Coach Feratu (Balik Alistane),1
Collector,1
Colossus,1
Commander Rick,1
Concerto,1
Conroy,1
Cool Rick,1
Cop Morty,1
Cop Rick,1
Courier Flap,1
Cousin Nicky,1
Cowboy Morty,1
Cowboy Rick,2
Crab Spider,1
Creepy Little Girl,1
Campaign Manager Morty,1
Canklanker Thom,1
Centaur,1
Chris,1
Chris,1
Coach Feratu (Balik Alistane),1
Collector,1
Colossus,1
Commander Rick,1
Concerto,1
Conroy,1
Cool Rick,1
Cop Morty,1
Cop Rick,1
Courier Flap,1
Cousin Nicky,1
Cowboy Morty,1
Cowboy Rick,2
Crab Spider,1
Creepy Little Girl,1
Campaign Manager Morty,1
Canklanker Thom,1
Centaur,1
Chris,1
Chris,1
Coach Feratu (Balik Alistane),1
Collector,1
Colossus,1
Commander Rick,1
Concerto,1
Conroy,1
Cool Rick,1
Cop Morty,1
Cop Rick,1
Courier Flap,1
Cousin Nicky,1
Cowboy Morty,1
Cowboy Rick,2
Crab Spider,1
Creepy Little Girl,1
Campaign Manager Morty,1
Canklanker Thom,1
Centaur,1
Chris,1
Chris,1
Coach Feratu (Balik Alistane),1
Collector,1
Colossus,1
Commander Rick,1
Concerto,1
Conroy,1
Cool Rick,1
Cop Morty,1
Cop Rick,1
Courier Flap,1
Cousin Nicky,1
Cowboy Morty,1
Cowboy Rick,2
Crab Spider,1
Creepy Little Girl,1
Campaign Manager Morty,1
Canklanker Thom,1
Centaur,1
Chris,1
Chris,1
Coach Feratu (Balik Alistane),1
Collector,1
Colossus,1
Commander Rick,1
Concerto,1
Conroy,1
Cool Rick,1
Cop Morty,1
Cop Rick,1
Courier Flap,1
Cousin Nicky,1
Cowboy Morty,1
Cowboy Rick,2
Crab Spider,1
Creepy Little Girl,1
Campaign Manager Morty,1
Canklanker Thom,1
Centaur,1
Chris,1
Chris,1
Coach Feratu (Balik Alistane),1
Collector,1
Colossus,1
Commander Rick,1
Concerto,1
Conroy,1
Cool Rick,1
Cop Morty,1
Cop Rick,1
Courier Flap,1
Cousin Nicky,1
Cowboy Morty,1
Cowboy Rick,2
Crab Spider,1
Creepy Little Girl,1
Campaign Manager Morty,1
Canklanker Thom,1
Centaur,1
Chris,1
Chris,1
Coach Feratu (Balik Alistane),1
Collector,1
Colossus,1
Commander Rick,1
Concerto,1
Conroy,1
Cool Rick,1
Cop Morty,1
Cop Rick,1
Courier Flap,1
Cousin Nicky,1
Cowboy Morty,1
Cowboy Rick,2
Crab Spider,1
Creepy Little Girl,1
Campaign Manager Morty,1
Canklanker Thom,1
Centaur,1
Chris,1
Chris,1
Coach Feratu (Balik Alistane),1
Collector,1
Colossus,1
Commander Rick,1
Concerto,1
Conroy,1
Cool Rick,1
Cop Morty,1
Cop Rick,1
Courier Flap,1
Cousin Nicky,1
Cowboy Morty,1
Cowboy Rick,2
Crab Spider,1
Creepy Little Girl,1
Campaign Manager Morty,1
Canklanker Thom,1
Centaur,1
Chris,1
Chris,1
Coach Feratu (Balik Alistane),1
Collector,1
Colossus,1
Commander Rick,1
Concerto,1
Conroy,1
Cool Rick,1
Cop Morty,1
Cop Rick,1
Courier Flap,1
Cousin Nicky,1
Cowboy Morty,1
Cowboy Rick,2
Crab Spider,1
Creepy Little Girl,1
Campaign Manager Morty,1
Canklanker Thom,1
Centaur,1
Chris,1
Chris,1
Coach Feratu (Balik Alistane),1
Collector,1
Colossus,1
Commander Rick,1
Concerto,1
Conroy,1
Cool Rick,1
Cop Morty,1
Cop Rick,1
Courier Flap,1
Cousin Nicky,1
Cowboy Morty,1
Cowboy Rick,2
Crab Spider,1
Creepy Little Girl,1
Campaign Manager Morty,1
Canklanker Thom,1
Centaur,1
Chris,1
Chris,1
Coach Feratu (Balik Alistane),1
Collector,1
Colossus,1
Commander Rick,1
Concerto,1
Conroy,1
Cool Rick,1
Cop Morty,1
Cop Rick,1
Courier Flap,1
Cousin Nicky,1
Cowboy Morty,1
Cowboy Rick,2
Crab Spider,1
Creepy Little Girl,1
Campaign Manager Morty,1
Canklanker Thom,1
Centaur,1
Chris,1
Chris,1
Coach Feratu (Balik Alistane),1
Collector,1
Colossus,1
Commander Rick,1
Concerto,1
Conroy,1
Cool Rick,1
Cop Morty,1
Cop Rick,1
Courier Flap,1
Cousin Nicky,1
Cowboy Morty,1
Cowboy Rick,2
Crab Spider,1
Creepy Little Girl,1
Campaign Manager Morty,1
Canklanker Thom,1
Centaur,1
Chris,1
Chris,1
Coach Feratu (Balik Alistane),1
Collector,1
Colossus,1
Commander Rick,1
Concerto,1
Conroy,1
Cool Rick,1
Cop Morty,1
Cop Rick,1
Courier Flap,1
Cousin Nicky,1
Cowboy Morty,1
Cowboy Rick,2
Crab Spider,1
Creepy Little Girl,1
Campaign Manager Morty,1
Canklanker Thom,1
Centaur,1
Chris,1
Chris,1
Coach Feratu (Balik Alistane),1
Collector,1
Colossus,1
Commander Rick,1
Concerto,1
Conroy,1
Cool Rick,1
Cop Morty,1
Cop Rick,1
Courier Flap,1
Cousin Nicky,1
Cowboy Morty,1
Cowboy Rick,2
Crab Spider,1
Creepy Little Girl,1
Campaign Manager Morty,1
Canklanker Thom,1
Centaur,1
Chris,1
Chris,1
Coach Feratu (Balik Alistane),1
Collector,1
Colossus,1
Commander Rick,1
Concerto,1
Conroy,1
Cool Rick,1
Cop Morty,1
Cop Rick,1
Courier Flap,1
Cousin Nicky,1
Cowboy Morty,1
Cowboy Rick,2
Crab Spider,1
Creepy Little Girl,1
Campaign Manager Morty,1
Canklanker Thom,1
Centaur,1
Chris,1
Chris,1
Coach Feratu (Balik Alistane),1
Collector,1
Colossus,1
Commander Rick,1
Concerto,1
Conroy,1
Cool Rick,1
Cop Morty,1
Cop Rick,1
Courier Flap,1
Cousin Nicky,1
Cowboy Morty,1
Cowboy Rick,2
Crab Spider,1
Creepy Little Girl,1
Campaign Manager Morty,1
Canklanker Thom,1
Centaur,1
Chris,1
Chris,1
Coach Feratu (Balik Alistane),1
Collector,1
Colossus,1
Commander Rick,1
Concerto,1
Conroy,1
Cool Rick,1
Cop Morty,1
Cop Rick,1
Courier Flap,1
Cousin Nicky,1
Cowboy Morty,1
Cowboy Rick,2
Crab Spider,1
Creepy Little Girl,1
Campaign Manager Morty,1
Canklanker Thom,1
Centaur,1
Chris,1
Chris,1
Coach Feratu (Balik Alistane),1
Collector,1
Colossus,1
Commander Rick,1
Concerto,1
Conroy,1
Cool Rick,1
Cop Morty,1
Cop Rick,1
Courier Flap,1
Cousin Nicky,1
Cowboy Morty,1
Cowboy Rick,2
Crab Spider,1
Creepy Little Girl,1
Campaign Manager Morty,1
Canklanker Thom,1
Centaur,1
Chris,1
Chris,1
Coach Feratu (Balik Alistane),1
Collector,1
Colossus,1
Commander Rick,1
Concerto,1
Conroy,1
Cool Rick,1
Cop Morty,1
Cop Rick,1
Courier Flap,1
Cousin Nicky,1
Cowboy Morty,1
Cowboy Rick,2
Crab Spider,1
Creepy Little Girl,1
Campaign Manager Morty,1
Canklanker Thom,1
Centaur,1
Chris,1
Chris,1
Coach Feratu (Balik Alistane),1
Collector,1
Colossus,1
Commander Rick,1
Concerto,1
Conroy,1
Cool Rick,1
Cop Morty,1
Cop Rick,1
Courier Flap,1
Cousin Nicky,1
Cowboy Morty,1
Cowboy Rick,2
Crab Spider,1
Creepy Little Girl,1
Campaign Manager Morty,1
Canklanker Thom,1
Centaur,1
Chris,1
Chris,1
Coach Feratu (Balik Alistane),1
Collector,1
Colossus,1
Commander Rick,1
Concerto,1
Conroy,1
Cool Rick,1
Cop Morty,1
Cop Rick,1
Courier Flap,1
Cousin Nicky,1
Cowboy Morty,1
Cowboy Rick,2
Crab Spider,1
Creepy Little Girl,1
Campaign Manager Morty,1
Canklanker Thom,1
Centaur,1
Chris,1
Chris,1
Coach Feratu (Balik Alistane),1
Collector,1
Colossus,1
Commander Rick,1
Concerto,1
Conroy,1
Cool Rick,1
Cop Morty,1
Cop Rick,1
Courier Flap,1
Cousin Nicky,1
Cowboy Morty,1
Cowboy Rick,2
Crab Spider,1
Creepy Little Girl,1
Campaign Manager Morty,1
Canklanker Thom,1
Centaur,1
Chris,1
Chris,1
Coach Feratu (Balik Alistane),1
Collector,1
Colossus,1
Commander Rick,1
Concerto,1
Conroy,1
Cool Rick,1
Cop Morty,1
Cop Rick,1
Courier Flap,1
Cousin Nicky,1
Cowboy Morty,1
Cowboy Rick,2
Crab Spider,1
Creepy Little Girl,1
Campaign Manager Morty,1
Canklanker Thom,1
Centaur,1
Chris,1
Chris,1
Coach Feratu (Balik Alistane),1
Collector,1
Colossus,1
Commander Rick,1
Concerto,1
Conroy,1
Cool Rick,1
Cop Morty,1
Cop Rick,1
Courier Flap,1
Cousin Nicky,1
Cowboy Morty,1
Cowboy Rick,2
Crab Spider,1
Creepy Little Girl,1
Campaign Manager Morty,1
Canklanker Thom,1
Centaur,1
Chris,1
Chris,1
Coach Feratu (Balik Alistane),1
Collector,1
Colossus,1
Commander Rick,1
Concerto,1
Conroy,1
Cool Rick,1
Cop Morty,1
Cop Rick,1
Courier Flap,1
Cousin Nicky,1
Cowboy Morty,1
Cowboy Rick,2
Crab Spider,1
Creepy Little Girl,1
Campaign Manager Morty,1
Canklanker Thom,1
Centaur,1
Chris,1
Chris,1
Coach Feratu (Balik Alistane),1
Collector,1
Colossus,1
Commander Rick,1
Concerto,1
Conroy,1
Cool Rick,1
Cop Morty,1
Cop Rick,1
Courier Flap,1
Cousin Nicky,1
Cowboy Morty,1
Cowboy Rick,2
Crab Spider,1
Creepy Little Girl,1
Campaign Manager Morty,1
Canklanker Thom,1
Centaur,1
Chris,1
Chris,1
Coach Feratu (Balik Alistane),1
Collector,1
Colossus,1
Commander Rick,1
Concerto,1
Conroy,1
Cool Rick,1
Cop Morty,1
Cop Rick,1
Courier Flap,1
Cousin Nicky,1
Cowboy Morty,1
Cowboy Rick,2
Crab Spider,1
Creepy Little Girl,1
Campaign Manager Morty,1
Canklanker Thom,1
Centaur,1
Chris,1
Chris,1
Coach Feratu (Balik Alistane),1
Collector,1
Colossus,1
Commander Rick,1
Concerto,1
Conroy,1
Cool Rick,1
Cop Morty,1
Cop Rick,1
Courier Flap,1
Cousin Nicky,1
Cowboy Morty,1
Cowboy Rick,2
Crab Spider,1
Creepy Little Girl,1
Campaign Manager Morty,1
Canklanker Thom,1
Centaur,1
Chris,1
Chris,1
Coach Feratu (Balik Alistane),1
Collector,1
Colossus,1
Commander Rick,1
Concerto,1
Conroy,1
Cool Rick,1
Cop Morty,1
Cop Rick,1
Courier Flap,1
Cousin Nicky,1
Cowboy Morty,1
Cowboy Rick,2
Crab Spider,1
Creepy Little Girl,1
Campaign Manager Morty,1
Canklanker Thom,1
Centaur,1
Chris,1
Chris,1
Coach Feratu (Balik Alistane),1
Collector,1
Colossus,1
Commander Rick,1
Concerto,1
Conroy,1
Cool Rick,1
Cop Morty,1
Cop Rick,1
Courier Flap,1
Cousin Nicky,1
Cowboy Morty,1
Cowboy Rick,2
Crab Spider,1
Creepy Little Girl,1
