Hospitalname,pagelinks
"Houston, TX",https://www.yelp.comhttps://www.yelp.com/city/houston
Health & Medical,https://www.yelp.com/search?find_desc=Health+%26+Medical&find_loc=Houston%2C+TX
Dentists,https://www.yelp.com/search?find_desc=Dentists&find_loc=Houston%2C+TX
Dentist Tree Of The Heights,https://www.yelp.com/adredir?ad_business_id=rBSALvgWMVvNRC8CSQyBlg&campaign_id=1LN_WaDx8PvD34-yl3Zhvg&click_origin=search_results&placement=above_search&placement_slot=0&redirect_url=https%3A%2F%2Fwww.yelp.com%2Fbiz%2Fdentist-tree-of-the-heights-houston&request_id=080458433007f057&signature=7f89ff7d4201ecd5cbe3053366c26a7286202aa655af1d2108b43609cf14fe91&slot=0
Tricoast Dental,https://www.yelp.com/adredir?ad_business_id=xSrPl3k5zGFJ3cxt72nzgg&campaign_id=tz29DR5xio_wODQwImYVww&click_origin=search_results&placement=above_search&placement_slot=0&redirect_url=https%3A%2F%2Fwww.yelp.com%2Fbiz%2Ftricoast-dental-houston&request_id=080458433007f057&signature=51a968477e4e5314c418d240af9a8a6d2ac0933d5b40541e7cfd16d08cd1dbf2&slot=1
MINT dentistry | Heights,https://www.yelp.com/adredir?ad_business_id=W9wRQ0LbGJTm_O2IR5SRHQ&campaign_id=detrJuVBX0HZPqBJVqiGbw&click_origin=search_results&placement=above_search&placement_slot=0&redirect_url=https%3A%2F%2Fwww.yelp.com%2Fbiz%2Fmint-dentistry-heights-houston&request_id=080458433007f057&signature=c7946a743cc5d834c676c9d7d9d0521d41f4f64209b9f882b69cb4aed5c6ef16&slot=2
ClearChoice Dental Implant Center,https://www.yelp.com/adredir?ad_business_id=kL0BAFOloEvlQFYJSIMPRg&campaign_id=95n2iHDdNrCWIai4_n9GDA&click_origin=search_results&placement=above_search&placement_slot=0&redirect_url=https%3A%2F%2Fwww.yelp.com%2Fbiz%2Fclearchoice-dental-implant-center-houston&request_id=080458433007f057&signature=833b23a976552a3b33898cbe1dfd5aab9456d7e46a89b361aa65a56f9521392a&slot=3
First Dental,https://www.yelp.com/adredir?ad_business_id=l5V8-70iSqJY6gpSnJJ-Yg&campaign_id=-TtMJjv7aheXQDjeV-tTRA&click_origin=search_results&placement=above_search&placement_slot=0&redirect_url=https%3A%2F%2Fwww.yelp.com%2Fbiz%2Ffirst-dental-sugar-land&request_id=080458433007f057&signature=068dedadb82db876fced6d2965d8e524b2caea5c1cf639a527331e25b1595181&slot=4
Grand Parkway Pediatric Dental,https://www.yelp.com/adredir?ad_business_id=o0u3U-aY9lfxS2E3dtCqmw&campaign_id=VRndWRVm0l0xniwsMhVBOA&click_origin=search_results&placement=above_search&placement_slot=0&redirect_url=https%3A%2F%2Fwww.yelp.com%2Fbiz%2Fgrand-parkway-pediatric-dental-richmond&request_id=080458433007f057&signature=6b108a4cecf28e93aba521e73bc80c5137e39c98f139f96613bad38d37d3f189&slot=5
Dentists of Riverstone,https://www.yelp.com/adredir?ad_business_id=LJC3-a_hRsoFO_iKXLpNag&campaign_id=9rO59qheFE931go_h1yLoA&click_origin=search_results&placement=above_search&placement_slot=0&redirect_url=https%3A%2F%2Fwww.yelp.com%2Fbiz%2Fdentists-of-riverstone-sugar-land&request_id=080458433007f057&signature=744389beee51a5731ec5cda7aee5c4e33926c8505949ed9ee352fe57d7752e71&slot=6
"Paul J Houser, DDS",https://www.yelp.com/adredir?ad_business_id=2Lw5K2VkQuhE8T50wlHRgw&campaign_id=PMvgwLopxR44_1pqMOshwA&click_origin=search_results&placement=above_search&placement_slot=0&redirect_url=https%3A%2F%2Fwww.yelp.com%2Fbiz%2Fpaul-j-houser-dds-friendswood-3&request_id=080458433007f057&signature=5a8d5391a1106a162500b6f6eebe3c16786d96c27b177cc1172ec979a814f5e9&slot=7
District Dental,https://www.yelp.com/biz/district-dental-houston?osq=Dentists
Dentistry of the Oaks,https://www.yelp.com/biz/dentistry-of-the-oaks-houston?osq=Dentists
Dentist Tree Of The Heights,https://www.yelp.com/biz/dentist-tree-of-the-heights-houston?osq=Dentists
Smile 4 Texas Dental Center,https://www.yelp.com/biz/smile-4-texas-dental-center-houston?osq=Dentists
MINT dentistry | Heights,https://www.yelp.com/biz/mint-dentistry-heights-houston?osq=Dentists
Adore Dentistry,https://www.yelp.com/biz/adore-dentistry-houston?osq=Dentists
Eado Family Dental,https://www.yelp.com/biz/eado-family-dental-houston?osq=Dentists
"Chase M. Baker, DDS",https://www.yelp.com/biz/chase-m-baker-dds-houston-5?osq=Dentists
Sapphire Smiles,https://www.yelp.com/biz/sapphire-smiles-houston-5?osq=Dentists
"David M. Hassid, DMD",https://www.yelp.com/biz/david-m-hassid-dmd-houston?osq=Dentists
Omega Dental Specialists,https://www.yelp.com/adredir?ad_business_id=W01M2A3O3EDY7yoUgnqyWw&campaign_id=Hzgd3jVHrjJQiVrplEf0wA&click_origin=search_results&placement=below_search&placement_slot=1&redirect_url=https%3A%2F%2Fwww.yelp.com%2Fbiz%2Fomega-dental-specialists-houston&request_id=080458433007f057&signature=62c3e1559e5676eb789e2427089226da0288f46aa37756b4997aa58675aa619d&slot=0
